<?xml version="1.0" encoding="UTF-8"?>
<rss version="2.0" xmlns:ror="http://rorweb.com/0.1/" >
<channel>
  <title>ROR Sitemap for http://juniorsecondarylab.co.ke/</title>
  <link>http://juniorsecondarylab.co.ke/</link>

<item>
     <link>http://juniorsecondarylab.co.ke/</link>
     <title>| JSS Labs |</title>
     <description>| JSS Labs |</description>
     <ror:updatePeriod></ror:updatePeriod>
     <ror:sortOrder>0</ror:sortOrder>
     <ror:resourceOf>sitemap</ror:resourceOf>
</item>
</channel>
</rss>
  